Feature,MI_Score,ANOVA_Score,RF_Score,LASSO_Score,XGB_Score,MI_Rank,MI_Points,ANOVA_Rank,ANOVA_Points,RF_Rank,RF_Points,LASSO_Rank,LASSO_Points,XGB_Rank,XGB_Points,BordaScore,ConsensusRank
Symptom_IrregularCycle,1.0,0.8832501760260142,0.9651943604161757,0.5587815479598761,1.0,1,32,2,31,2,31,2,31,1,32,157,1
SymptomCount,0.8925381721808969,1.0,1.0,0.4234632583500015,0.40697429702450927,2,31,1,32,1,32,3,30,3,30,155,2
Symptom_None,0.7973272185445749,0.6610028101740306,0.4006326903632603,1.0,0.6747091913527558,3,30,3,30,5,28,1,32,2,31,151,3
FastFoodScore,0.3378523586055675,0.14861679734012478,0.28219706459246674,0.19160462321068805,0.10822717217804595,5,28,7,26,8,25,10,23,8,25,127,4
Symptom_Hirsutism,0.2997392689429021,0.34426011411438284,0.23277233535443534,0.0726119348035007,0.12240527664354867,7,26,5,28,15,18,21,12,5,28,112,5
DietRiskScore,0.21847253811391237,0.1381837667411493,0.538781708888861,0.063684789058732,0.08946897871620463,11,22,8,25,3,30,22,11,14,19,107,6
SugaryDrinks,0.15611325190088116,0.03196268340462655,0.2197854536657383,0.2677532231437626,0.11262278425141764,14,19,16,17,17,16,7,26,6,27,105,7
Exercise,0.0,0.04113074678456833,0.2735903641741344,0.132257155086562,0.15638371829770312,19,14,14,19,9,24,15,18,4,29,104,8
PCOSAwareness,0.4231577819735633,0.05046388615400742,0.15546875271294844,0.28889596341329155,0.08672975554380379,4,29,12,21,25,8,6,27,18,15,100,9
FoodLabel,0.0005345975066256907,0.039670639616970836,0.24924081986653193,0.2403146694289888,0.08739469578987842,18,15,15,18,10,23,8,25,17,16,97,10
PackagedFoodScore,0.1784280291744357,0.08309013437711134,0.23942098408188625,0.040306526355036836,0.09114796800834266,13,20,9,24,13,20,24,9,12,21,94,11
ExerciseScore,0.10437048708461932,0.01460134600314845,0.28652186908788996,0.20892640290054043,0.07227268877542552,16,17,21,12,7,26,9,24,21,12,91,12
Symptom_WeightGain,0.3126897179595673,0.37190950309062765,0.22552124929845535,0.0,0.07503997382684453,6,27,4,29,16,17,28,5,20,13,91,13
PCOSAwarenessScore,0.0,0.05046388615400702,0.16266420278681107,0.31748599271557015,0.08827957162779039,19,14,13,20,24,9,5,28,16,17,88,14
Symptom_Acne,0.17968101992408553,0.2192923608450214,0.1372492449891512,0.32306251468191044,0.011996412278106964,12,21,6,27,30,3,4,29,30,3,83,15
FoodLabelScore,0.03551742028453996,0.002594790187507359,0.2360466345847897,0.16547273185803582,0.08948765930077604,17,16,28,5,14,19,11,22,13,20,82,16
Stress,0.0,0.027688247313999756,0.17661776328674408,0.10393658291283431,0.09680664345222714,19,14,17,16,21,12,17,16,10,23,81,17
SleepScore,0.0,0.019349673302957112,0.17284470171597285,0.09057989197154746,0.11040958600347607,19,14,18,15,22,11,18,15,7,26,81,18
SugaryDrinkScore,0.0,0.011850941423559478,0.20190918091453555,0.13746322435589184,0.08860681807551075,19,14,22,11,19,14,14,19,15,18,76,19
LifestyleRiskScore,0.0,0.0013682073576950394,0.47142945207567716,0.011189798309653295,0.09205423057345491,19,14,30,3,4,29,25,8,11,22,76,20
AgeGroup,0.0,0.007678509774315668,0.24656708532778743,0.0009491160178229157,0.1028483774854444,19,14,24,9,11,22,27,6,9,24,75,21
Sleep,0.0,0.054519422537911214,0.15434237302415982,0.14244397489700208,0.05648959571803608,19,14,10,23,26,7,13,20,24,9,73,22
Residence,0.0,0.05196170835105894,0.24048917697011324,0.0,0.06793739908138102,19,14,11,22,12,21,28,5,22,11,73,23
MedicalRiskScore,0.2625334945500893,0.015222205655712584,0.06350955720437336,0.14489315079173384,0.05147745875034991,8,25,20,13,31,2,12,21,25,8,69,24
AwarenessScore,0.0,0.0014275260194576299,0.3531524608334816,0.004993479302695549,0.06518082379442658,19,14,29,4,6,27,26,7,23,10,62,25
TransFatAwareness,0.0,0.011331256166213336,0.1703145287551735,0.08358741326720678,0.08137233117753812,19,14,23,10,23,10,20,13,19,14,61,26
FastFood,0.11604113887742863,0.0032091178700495745,0.21030681986003366,0.060155039033240605,0.03149669565224237,15,18,27,6,18,15,23,10,29,4,53,27
StressScore,0.0,0.005228554044428741,0.1448854294372676,0.12163460346378953,0.04867622390958689,19,14,26,7,27,6,16,17,26,7,51,28
PackagedFood,0.0,0.017709874763663105,0.1863354296658228,0.0,0.03794959935640384,19,14,19,14,20,13,28,5,28,5,51,29
TransFatAwarenessScore,0.24838081315057248,0.005563551123528239,0.1437238922949348,0.0,0.04181067445668364,10,23,25,8,28,5,28,5,27,6,47,30
MedicalHistory,0.25748899930560215,0.0,0.1382919587877001,0.08471678741076334,0.0,9,24,32,1,29,4,19,14,32,1,44,31
Student,0.0,0.0005134244035262482,0.0,0.0,0.007422588411975806,19,14,31,2,32,1,28,5,31,2,24,32
