Feature,MeanAbsSHAP
Symptom_IrregularCycle,0.6192056381168917
SymptomCount,0.5279741809738229
Exercise,0.3261022584517817
FastFoodScore,0.22090864963290574
FoodLabel,0.1791418971943041
Residence,0.17197050737707809
DietRiskScore,0.16448954778294891
TransFatAwareness,0.15924001776468855
AgeGroup,0.13355528605680528
Symptom_Acne,0.12613428416247272
Symptom_Hirsutism,0.123143821580902
Symptom_None,0.11286168133242058
Sleep,0.10969496142379816
Symptom_WeightGain,0.10724402974447397
PackagedFoodScore,0.10605430289010613
PackagedFood,0.106004751693541
FoodLabelScore,0.09429556000017857
SugaryDrinks,0.0928812755860633
PCOSAwarenessScore,0.09218257251893082
SleepScore,0.08644355957180129
Stress,0.08465524793337503
AwarenessScore,0.08411231540990362
PCOSAwareness,0.08307214879761439
ExerciseScore,0.08093382982472888
FastFood,0.08061530511788989
MedicalRiskScore,0.0787051762048526
LifestyleRiskScore,0.07832037917945323
SugaryDrinkScore,0.05428754398270993
StressScore,0.04759742718770166
TransFatAwarenessScore,0.031014070863918358
MedicalHistory,0.01347812055506457
Student,0.002785686067942244
