Feature,Importance,Std
SymptomCount,0.04554482018250141,0.01675599675804828
Exercise,0.03749329039184119,0.011293560153684542
Symptom_IrregularCycle,0.02866344605475046,0.01658510906678149
Residence,0.013311862587224959,0.008301886864112328
DietRiskScore,0.012104133118625926,0.006347388614053786
TransFatAwareness,0.009876543209876609,0.00780606321046855
FoodLabelScore,0.00805152979066028,0.0037202947027851602
FastFoodScore,0.007823403113258243,0.005150969286232389
FoodLabel,0.007259796027912014,0.004322758461324656
MedicalRiskScore,0.0070316693505099725,0.0022214376754348003
ExerciseScore,0.005461621041331247,0.002707923374585672
FastFood,0.003757380568974833,0.003387920286252626
SugaryDrinks,0.0035695115405260974,0.003984942424522273
AwarenessScore,0.002911969940955509,0.003121258945923633
MedicalHistory,0.002308105206655986,0.0009117170022256131
LifestyleRiskScore,0.0022946859903382228,0.0019339041570261108
Stress,0.00225442834138491,0.0023372561521285296
PCOSAwarenessScore,0.002187332259796082,0.0038158975637810144
Sleep,0.0015700483091788176,0.002942482574405235
Symptom_Hirsutism,0.0015029522275899635,0.003093878825372351
AgeGroup,0.0012479871175524071,0.0056926745072635055
Symptom_None,0.001194310252281335,0.0017746374520364924
SugaryDrinkScore,0.0008588298443371538,0.0027594033414121747
Symptom_Acne,0.0005636070853462738,0.0027689147346277843
PackagedFood,0.00012077294685996313,0.003819388088624171
Student,2.960594732333751e-17,0.0002078896052714529
PCOSAwareness,-0.0005099302200751055,0.0030392673466220405
StressScore,-0.0006441223832527543,0.0011787542273750816
PackagedFoodScore,-0.0008588298443370391,0.0028079209124316907
TransFatAwarenessScore,-0.0014761137949543073,0.002166278849352876
SleepScore,-0.0026838432635533462,0.0030417548117880645
Symptom_WeightGain,-0.004253891572732094,0.004337978317522206
