Threshold,Model,TreatAll,TreatNone
0.05,0.3157894736842105,0.3082706766917293,0
0.060000000000000005,0.31266464032421476,0.3009118541033435,0
0.07,0.3111111111111111,0.293394777265745,0
0.08000000000000002,0.3076604554865424,0.2857142857142857,0
0.09000000000000001,0.3050758765044479,0.2778649921507064,0
0.1,0.3037037037037037,0.2698412698412698,0
0.11000000000000001,0.30037453183520596,0.26163723916532905,0
0.12000000000000001,0.29826839826839824,0.2532467532467532,0
0.13,0.29633278598795837,0.24466338259441706,0
0.14,0.29302325581395344,0.23588039867109634,0
0.15000000000000002,0.29467787114845934,0.22689075630252098,0
0.16000000000000003,0.291609977324263,0.21768707482993194,0
0.17000000000000004,0.28846815834767636,0.20826161790017209,0
0.18000000000000005,0.2852497096399535,0.19860627177700343,0
0.19,0.2819517930629042,0.1887125220458554,0
0.2,0.2785714285714286,0.17857142857142858,0
0.21000000000000002,0.2776371308016877,0.16817359855334538,0
0.22000000000000003,0.2769230769230769,0.15750915750915748,0
0.23000000000000004,0.27359307359307355,0.1465677179962894,0
0.24000000000000005,0.2731829573934837,0.13533834586466165,0
0.25000000000000006,0.2698412698412698,0.12380952380952376,0
0.26000000000000006,0.2568854568854569,0.11196911196911191,0
0.27,0.2533594259621657,0.09980430528375733,0
0.28,0.2402116402116402,0.08730158730158727,0
0.29000000000000004,0.23648558014755194,0.07444668008048289,0
0.30000000000000004,0.23265306122448978,0.061224489795918324,0
0.31000000000000005,0.2287094547964113,0.04761904761904756,0
0.32000000000000006,0.21512605042016808,0.03361344537815114,0
0.33,0.2203269367448472,0.019189765458422103,0
0.34,0.22135642135642136,0.0043290043290042934,0
0.35000000000000003,0.22783882783882786,-0.010989010989011061,0
0.36000000000000004,0.23511904761904762,-0.026785714285714357,0
0.37000000000000005,0.2432350718065004,-0.043083900226757454,0
0.38000000000000006,0.24055299539170508,-0.05990783410138262,0
0.39000000000000007,0.23778298204527712,-0.07728337236533978,0
0.4000000000000001,0.24126984126984127,-0.09523809523809545,0
0.4100000000000001,0.23857949959644875,-0.11380145278450388,0
0.42000000000000004,0.23579638752052545,-0.13300492610837444,0
0.43000000000000005,0.22339181286549709,-0.15288220551378456,0
0.44000000000000006,0.2204081632653061,-0.17346938775510212,0
0.45000000000000007,0.2173160173160173,-0.19480519480519498,0
0.4600000000000001,0.21410934744268076,-0.21693121693121709,0
0.4700000000000001,0.21078167115902963,-0.2398921832884099,0
0.4800000000000001,0.2073260073260073,-0.263736263736264,0
0.49000000000000005,0.20373482726423903,-0.28851540616246496,0
0.5000000000000001,0.1904761904761904,-0.3142857142857146,0
0.5100000000000001,0.20641399416909614,-0.3411078717201169,0
0.5200000000000001,0.20317460317460312,-0.3690476190476194,0
0.5300000000000001,0.1997973657548125,-0.3981762917933135,0
0.5400000000000001,0.19627329192546578,-0.42857142857142905,0
0.5500000000000002,0.1925925925925925,-0.4603174603174608,0
0.5600000000000002,0.18874458874458866,-0.4935064935064941,0
0.5700000000000002,0.18471760797342182,-0.528239202657808,0
0.5800000000000002,0.17097505668934232,-0.5646258503401368,0
0.5900000000000002,0.14750290360046447,-0.6027874564459937,0
