Accuracy,Precision,Recall,F1,ROC_AUC,PR_AUC,MCC,Brier,Model,Subset
0.7235800344234079,0.6190973084886128,0.5517241379310345,0.5796578508842659,0.7985196795541623,0.6664171748283302,0.3800191369192195,0.17443659236593362,Logistic Regression,Top5
0.7332472748135399,0.6578392955928454,0.5241379310344827,0.5714420660818049,0.772313944038082,0.6207558712684833,0.3970309300833169,0.18993812835727114,Random Forest,Top5
0.7283993115318417,0.6361764705882352,0.5379310344827586,0.5738478902635705,0.7766202252409149,0.6145975019155048,0.3877967952861247,0.19045375140667303,XGBoost,Top5
0.7356282271944922,0.6449999999999999,0.5586206896551724,0.5919490437684507,0.790773249738767,0.6287466719440108,0.40658577304840515,0.18059569594709726,CatBoost,Top5
0.7427710843373493,0.6454545454545455,0.6,0.6173438141584645,0.8111076280041797,0.6895463724270007,0.42939393932566006,0.1687670795543017,Logistic Regression,Top8
0.7836488812392427,0.7198134632769608,0.6413793103448275,0.6720175438596491,0.8297585045860908,0.7365875363640679,0.519100925319195,0.1596851102878472,Random Forest,Top8
0.771572002294894,0.6951163003663003,0.6344827586206897,0.6597980621253752,0.7937385347730175,0.6928092272042673,0.4929554392778429,0.1873932544831541,XGBoost,Top8
0.7788009179575445,0.7072030605576332,0.6344827586206895,0.6649750995189097,0.8262150238012307,0.7126242689905474,0.5060173731840106,0.16068874366148467,CatBoost,Top8
0.733189902467011,0.6421563943303074,0.5517241379310345,0.5867007278435851,0.8097213514454895,0.6977982703279059,0.4005152875263566,0.16994776026472685,Logistic Regression,Top10
0.8029546758462421,0.7494038461538461,0.6689655172413793,0.702771408212059,0.8398223615464995,0.7543478735986933,0.5619773885211304,0.15051871174365195,Random Forest,Top10
0.7909351692484223,0.7286299592139415,0.6620689655172414,0.6890293247742509,0.8067351677696506,0.7253580841215033,0.537860504100873,0.17531175775731192,XGBoost,Top10
0.7837923121055652,0.7328722310827575,0.6344827586206896,0.6725236419354067,0.8347695344247068,0.7461499139013044,0.5224826137236922,0.1554093267582255,CatBoost,Top10
0.7548766494549627,0.6803306342780027,0.5931034482758621,0.6269237366407177,0.8097956577266923,0.705665044744577,0.45448805053553726,0.1684097622749706,Logistic Regression,Top12
0.8053356282271945,0.7548569117200931,0.6689655172413793,0.704304850796943,0.8491965633344943,0.7580525930540523,0.566928926050836,0.14814396061320112,Random Forest,Top12
0.7789156626506024,0.7011386328725038,0.6689655172413793,0.6798858530661809,0.8050098688029722,0.7161309492652169,0.5161824338599315,0.17592004248183596,XGBoost,Top12
0.7813253012048194,0.7204772467567386,0.6344827586206896,0.670393562971003,0.8366805990943922,0.7547917155268042,0.5138239938748177,0.15177782106158794,CatBoost,Top12
0.7188468158347676,0.6113286572525702,0.5517241379310345,0.5781342227212936,0.7945988621850691,0.6659184039891559,0.3709854100064698,0.17829758280507652,Logistic Regression,All
0.8198508318990246,0.7779167810313528,0.6965517241379311,0.7301419878296146,0.8621235341924998,0.7781209309820136,0.6021567668606205,0.14185397590361445,Random Forest,All
0.7860585197934595,0.7111386328725039,0.6689655172413793,0.6848242541167096,0.8339138511552304,0.7219310689258476,0.5281125658688982,0.1681479372210975,XGBoost,All
0.8076592082616179,0.757181855500821,0.6827586206896552,0.7119932548313229,0.8498084291187737,0.7440659941000989,0.5756565117717944,0.1485451476384639,CatBoost,All
